Workbook

Sheet Portfolio_Inputs
A1: Value at Risk (VaR) Calculation
A3: Portfolio Weights (15% Target Return)
A5: Stock | B5: NFLX | C5: V | D5: XOM | E5: PFE | F5: PG
A6: Weight | B6: 0.32060435 | C6: 0.2645002 | D6: 0.31299939 | E6: 0.10189605 | F6: 0
A10: Daily Covariance Matrix
B11: NFLX | C11: V | D11: XOM | E11: PFE | F11: PG
A12: NFLX | B12: 0.000455873 | C12: 0.000110848 | D12: 2.4931e-05 | E12: -4.288e-06 | F12: 8.897e-06
A13: V | B13: 0.000110848 | C13: 0.000204427 | D13: 6.2339e-05 | E13: 8.5259e-05 | F13: 6.3949e-05
A14: XOM | B14: 2.4931e-05 | C14: 6.2339e-05 | D14: 0.000230317 | E14: 6.0506e-05 | F14: 4.0385e-05
A15: PFE | B15: -4.288e-06 | C15: 8.5259e-05 | D15: 6.0506e-05 | E15: 0.000270931 | F15: 6.6733e-05
A16: PG | B16: 8.897e-06 | C16: 6.3949e-05 | D16: 4.0385e-05 | E16: 6.6733e-05 | F16: 0.00014134
A20: Portfolio Parameters
A22: Portfolio Value ($) | B22: 1000000
A23: Confidence Level | B23: 0.95
A24: Z-Score (5% VaR) | B24: 1.645
A25: Time Horizon (days) | B25: 1

Sheet VaR_Calculation
A1: Portfolio Value at Risk (5% VaR)
A3: Portfolio Variance Calculation
A5: Portfolio Daily Variance (w'Σw) | B5: =MMULT(MMULT(Portfolio_Inputs!B6:F6,Portfolio_Inputs!B12:F16),TRANSPOSE(Portfolio_Inputs!B6:F6)) -> 0.00012883687
A6: Portfolio Daily Volatility (σp) | B6: =SQRT(B5) -> 0.011350633
A9: Value at Risk Calculation
A11: 1-Day VaR (95% confidence) | B11: =Portfolio_Inputs!B22*Portfolio_Inputs!B24*B6 -> 18671.791
A12: 10-Day VaR (scaled) | B12: =B11*SQRT(10) -> 59045.389
A13: 1-Month VaR (21 trading days) | B13: =B11*SQRT(21) -> 85564.898
A16: Interpretation:
A17: With 95% confidence, the maximum expected 1-day loss is:
A18: =TEXT(B11,"$#,##0.00") -> $18,671.79
A20: This means there is a 5% chance the portfolio will lose more than this amount in 1 trading day.

Sheet Component_VaR
A1: VaR Decomposition - Asset Contributions
A3: Asset | B3: Weight | C3: Marginal Contribution (MCi) | D3: Component Contribution (CCi) | E3: VaR Contribution ($) | F3: % of Total VaR
A4: NFLX | B4: =Portfolio_Inputs!B6 -> 0.32060435 | C4: 0.016108413 | D4: =B4*C4 -> 0.0051644273 | E4: =D4*Portfolio_Inputs!B24*Portfolio_Inputs!B22 -> 8495.4829 | F4: =E4/SUM(E$4:E$8) -> 0.45499036
A5: V | B5: =Portfolio_Inputs!C6 -> 0.2645002 | C5: 0.010379052 | D5: =B5*C5 -> 0.0027452614 | E5: =D5*Portfolio_Inputs!B24*Portfolio_Inputs!B22 -> 4515.9549 | F5: =E5/SUM(E$4:E$8) -> 0.24185982
A6: XOM | B6: =Portfolio_Inputs!D6 -> 0.31299939 | C6: 0.009051131 | D6: =B6*C6 -> 0.0028329985 | E6: =D6*Portfolio_Inputs!B24*Portfolio_Inputs!B22 -> 4660.2825 | F6: =E6/SUM(E$4:E$8) -> 0.24958953
A7: PFE | B7: =Portfolio_Inputs!E6 -> 0.10189605 | C7: 0.005966307 | D7: =B7*C7 -> 0.00060794314 | E7: =D7*Portfolio_Inputs!B24*Portfolio_Inputs!B22 -> 1000.0665 | F7: =E7/SUM(E$4:E$8) -> 0.053560298
A8: PG | B8: =Portfolio_Inputs!F6 -> 0 | C8: 0.00345419 | D8: =B8*C8 -> 0 | E8: =D8*Portfolio_Inputs!B24*Portfolio_Inputs!B22 -> 0 | F8: =E8/SUM(E$4:E$8) -> 0
A10: TOTAL | E10: =SUM(E4:E8) -> 18671.787 | F10: =SUM(F4:F8) -> 1
A13: Verification:
A14: Total VaR should equal VaR from main calculation: | B14: =VaR_Calculation!B11 -> 18671.791
A15: Match? | B15: =IF(ABS(E10-B14)<1,"✓ VERIFIED","✗ ERROR") -> ✓ VERIFIED

Sheet Stress_Scenarios
A1: VaR Stress Testing Scenarios
A3: Scenario 1: Market Crash (-5% S&P 500 in 1 day)
A5: Assumptions:
A6: S&P 500 drops: | B6: -0.05
A8: Portfolio Beta (weighted average) | B8: =0.320604352*0.839+0.264500202*0.786+0.312999392*0.533+0.101896054*0.482 -> 0.69282678
A9: Expected Portfolio Loss | B9: =B8*B6*Portfolio_Inputs!B22 -> -34641.339
A12: Scenario 2: Oil Price Crash (-15% oil in 1 day)
A14: Assumptions:
A15: Oil price drop: | B15: -0.15
A16: XOM Beta to Oil (estimated): | B16: 0.8
A18: Estimated XOM Drop | B18: =B16*B15 -> -0.12
A19: Direct Impact on Portfolio (XOM weight) | B19: =0.312999392*B18*Portfolio_Inputs!B22 -> -37559.927
A20: Estimated Total Impact (with correlations) | B20: =B19*1.12 -> -42067.118
