Workbook

Sheet Historical_Data
A1: Date | B1: NFLX_AdjClose | C1: V_AdjClose | D1: XOM_AdjClose | E1: PFE_AdjClose | F1: PG_AdjClose | G1: SP500_AdjClose
A2: 2025-01-13 | B2: 84.03 | C2: 304.76 | D2: 105.42 | E2: 24.99 | F2: 154.75 | G2: 5836.22
A3: 2025-01-14 | B3: 82.84 | C3: 306.91 | D3: 105.84 | E3: 24.63 | F3: 155.63 | G3: 5842.91
A4: 2025-01-15 | B4: 84.83 | C4: 314.05 | D4: 107.56 | E4: 24.45 | F4: 155.54 | G4: 5949.91
A252: NOTE: Add your full historical data (Jan 2025 - Jan 2026) starting from row 2

Sheet Returns_Calculation
A1: Date | B1: NFLX_Return | C1: V_Return | D1: XOM_Return | E1: PFE_Return | F1: PG_Return
A2: =Historical_Data!A3 -> 2025-01-14 | B2: =(Historical_Data!B3-Historical_Data!B2)/Historical_Data!B2 -> -0.014161609 | C2: =(Historical_Data!C3-Historical_Data!C2)/Historical_Data!C2 -> 0.0070547316 | D2: =(Historical_Data!D3-Historical_Data!D2)/Historical_Data!D2 -> 0.0039840637 | E2: =(Historical_Data!E3-Historical_Data!E2)/Historical_Data!E2 -> -0.014405762 | F2: =(Historical_Data!F3-Historical_Data!F2)/Historical_Data!F2 -> 0.0056865913
A255: Summary Statistics
A257: Stock | B257: NFLX | C257: V | D257: XOM | E257: PFE | F257: PG
A258: Mean Daily Return | B258: =AVERAGE(B2:B251) -> -0.014161609 | C258: =AVERAGE(B2:B251) -> -0.014161609 | D258: =AVERAGE(B2:B251) -> -0.014161609 | E258: =AVERAGE(B2:B251) -> -0.014161609 | F258: =AVERAGE(B2:B251) -> -0.014161609
A259: Annual Expected Return | B259: =B258*252 -> -3.5687255 | C259: =B258*252 -> -3.5687255 | D259: =B258*252 -> -3.5687255 | E259: =B258*252 -> -3.5687255 | F259: =B258*252 -> -3.5687255
A260: Daily Volatility | B260: =STDEV(B2:B251) -> #DIV/0! | C260: =STDEV(B2:B251) -> #DIV/0! | D260: =STDEV(B2:B251) -> #DIV/0! | E260: =STDEV(B2:B251) -> #DIV/0! | F260: =STDEV(B2:B251) -> #DIV/0!
A261: Annual Volatility | B261: =B260*SQRT(252) -> #DIV/0! | C261: =B260*SQRT(252) -> #DIV/0! | D261: =B260*SQRT(252) -> #DIV/0! | E261: =B260*SQRT(252) -> #DIV/0! | F261: =B260*SQRT(252) -> #DIV/0!

Sheet Covariance_Matrix
A1: Annual Covariance Matrix
B2: NFLX | C2: V | D2: XOM | E2: PFE | F2: PG
A3: NFLX | B3: =covariance.s(Returns_Calculation!B:B,Returns_Calculation!B:B)*252 -> #NAME? | C3: =covariance.s(Returns_Calculation!B:B,Returns_Calculation!C:C)*252 -> #NAME? | D3: =covariance.s(Returns_Calculation!B:B,Returns_Calculation!D:D)*252 -> #NAME? | E3: =covariance.s(Returns_Calculation!B:B,Returns_Calculation!E:E)*252 -> #NAME? | F3: =covariance.s(Returns_Calculation!B:B,Returns_Calculation!F:F)*252 -> #NAME?
A4: V | B4: =covariance.s(Returns_Calculation!C:C,Returns_Calculation!B:B)*252 -> #NAME? | C4: =covariance.s(Returns_Calculation!C:C,Returns_Calculation!C:C)*252 -> #NAME? | D4: =covariance.s(Returns_Calculation!C:C,Returns_Calculation!D:D)*252 -> #NAME? | E4: =covariance.s(Returns_Calculation!C:C,Returns_Calculation!E:E)*252 -> #NAME? | F4: =covariance.s(Returns_Calculation!C:C,Returns_Calculation!F:F)*252 -> #NAME?
A5: XOM | B5: =covariance.s(Returns_Calculation!D:D,Returns_Calculation!B:B)*252 -> #NAME? | C5: =covariance.s(Returns_Calculation!D:D,Returns_Calculation!C:C)*252 -> #NAME? | D5: =covariance.s(Returns_Calculation!D:D,Returns_Calculation!D:D)*252 -> #NAME? | E5: =covariance.s(Returns_Calculation!D:D,Returns_Calculation!E:E)*252 -> #NAME? | F5: =covariance.s(Returns_Calculation!D:D,Returns_Calculation!F:F)*252 -> #NAME?
A6: PFE | B6: =covariance.s(Returns_Calculation!E:E,Returns_Calculation!B:B)*252 -> #NAME? | C6: =covariance.s(Returns_Calculation!E:E,Returns_Calculation!C:C)*252 -> #NAME? | D6: =covariance.s(Returns_Calculation!E:E,Returns_Calculation!D:D)*252 -> #NAME? | E6: =covariance.s(Returns_Calculation!E:E,Returns_Calculation!E:E)*252 -> #NAME? | F6: =covariance.s(Returns_Calculation!E:E,Returns_Calculation!F:F)*252 -> #NAME?
A7: PG | B7: =covariance.s(Returns_Calculation!F:F,Returns_Calculation!B:B)*252 -> #NAME? | C7: =covariance.s(Returns_Calculation!F:F,Returns_Calculation!C:C)*252 -> #NAME? | D7: =covariance.s(Returns_Calculation!F:F,Returns_Calculation!D:D)*252 -> #NAME? | E7: =covariance.s(Returns_Calculation!F:F,Returns_Calculation!E:E)*252 -> #NAME? | F7: =covariance.s(Returns_Calculation!F:F,Returns_Calculation!F:F)*252 -> #NAME?
A10: Annual Correlation Matrix
B11: NFLX | C11: V | D11: XOM | E11: PFE | F11: PG
A12: NFLX | B12: =CORREL(Returns_Calculation!B:B,Returns_Calculation!B:B) -> #DIV/0! | C12: =CORREL(Returns_Calculation!B:B,Returns_Calculation!C:C) -> #DIV/0! | D12: =CORREL(Returns_Calculation!B:B,Returns_Calculation!D:D) -> #DIV/0! | E12: =CORREL(Returns_Calculation!B:B,Returns_Calculation!E:E) -> #DIV/0! | F12: =CORREL(Returns_Calculation!B:B,Returns_Calculation!F:F) -> #DIV/0!
A13: V | B13: =CORREL(Returns_Calculation!C:C,Returns_Calculation!B:B) -> #DIV/0! | C13: =CORREL(Returns_Calculation!C:C,Returns_Calculation!C:C) -> #DIV/0! | D13: =CORREL(Returns_Calculation!C:C,Returns_Calculation!D:D) -> #DIV/0! | E13: =CORREL(Returns_Calculation!C:C,Returns_Calculation!E:E) -> #DIV/0! | F13: =CORREL(Returns_Calculation!C:C,Returns_Calculation!F:F) -> #DIV/0!
A14: XOM | B14: =CORREL(Returns_Calculation!D:D,Returns_Calculation!B:B) -> #DIV/0! | C14: =CORREL(Returns_Calculation!D:D,Returns_Calculation!C:C) -> #DIV/0! | D14: =CORREL(Returns_Calculation!D:D,Returns_Calculation!D:D) -> #DIV/0! | E14: =CORREL(Returns_Calculation!D:D,Returns_Calculation!E:E) -> #DIV/0! | F14: =CORREL(Returns_Calculation!D:D,Returns_Calculation!F:F) -> #DIV/0!
A15: PFE | B15: =CORREL(Returns_Calculation!E:E,Returns_Calculation!B:B) -> #DIV/0! | C15: =CORREL(Returns_Calculation!E:E,Returns_Calculation!C:C) -> #DIV/0! | D15: =CORREL(Returns_Calculation!E:E,Returns_Calculation!D:D) -> #DIV/0! | E15: =CORREL(Returns_Calculation!E:E,Returns_Calculation!E:E) -> #DIV/0! | F15: =CORREL(Returns_Calculation!E:E,Returns_Calculation!F:F) -> #DIV/0!
A16: PG | B16: =CORREL(Returns_Calculation!F:F,Returns_Calculation!B:B) -> #DIV/0! | C16: =CORREL(Returns_Calculation!F:F,Returns_Calculation!C:C) -> #DIV/0! | D16: =CORREL(Returns_Calculation!F:F,Returns_Calculation!D:D) -> #DIV/0! | E16: =CORREL(Returns_Calculation!F:F,Returns_Calculation!E:E) -> #DIV/0! | F16: =CORREL(Returns_Calculation!F:F,Returns_Calculation!F:F) -> #DIV/0!

Sheet Portfolio_Optimization
A1: Portfolio Optimization - Use Excel Solver
A3: Decision Variables (Portfolio Weights)
A4: Stock | B4: NFLX | C4: V | D4: XOM | E4: PFE | F4: PG | G4: Sum
A5: Weight | B5: 0.2 | C5: 0.2 | D5: 0.2 | E5: 0.2 | F5: 0.2 | G5: =SUM(B5:F5) -> 1
A7: Annual Expected Returns | B7: =Returns_Calculation!B259 -> -3.5687255 | C7: =Returns_Calculation!C259 -> -3.5687255 | D7: =Returns_Calculation!D259 -> -3.5687255 | E7: =Returns_Calculation!E259 -> -3.5687255 | F7: =Returns_Calculation!F259 -> -3.5687255
A10: Portfolio Metrics
A11: Target Return | B11: 0.08
A12: Portfolio Expected Return | B12: =SUMPRODUCT(B5:F5,B7:F7) -> -3.5687255
A13: Portfolio Variance | B13: =MMULT(MMULT(B5:F5,Covariance_Matrix!B3:F7),TRANSPOSE(B5:F5)) -> #NAME?
A14: Portfolio Std Dev (Risk) | B14: =SQRT(B13) -> #NAME?
A17: SOLVER SETUP INSTRUCTIONS:
A18: 1. Go to Data → Solver
A19: 2. Set Objective: B13 (Portfolio Variance)
A20: 3. To: Min
A21: 4. By Changing Variable Cells: B5:F5 (Weights)
A22: 5. Subject to Constraints:
A23: - B12 (Portfolio Return) = B11 (Target Return)
A24: - G5 (Sum of Weights) = 1
A25: - B5:F5 >= 0 (No short selling)
A26: 6. Solving Method: GRG Nonlinear
A27: 7. Click Solve
A28: 8. Change B11 to test different target returns (8%, 10%, 12%, 15%, 18%)
